"time","InjectorGFL.PGenPu","InjectorGFL.QGenPu","InjectorGFL.UConvPu","InjectorGFL.UPccPu","PGenRefPu.y","UConvRefPu.y"
0,0.8333389297485703,0.03916859126725405,0.9987872558167199,1.000006746960555,0.8333333333333334,0.9987804448564415
0.004,0.8333384745798443,0.03916699362187472,0.9987866615789273,1.000006385809637,0.8333333333333334,0.9987804448564415
0.008,0.8333379490878643,0.03916521969648169,0.9987860021704128,1.000005985750832,0.8333333333333334,0.9987804448564415
0.012,0.8333375225086214,0.03916383594217385,0.9987854881257402,1.000005674464062,0.8333333333333334,0.9987804448564415
0.016,0.8333371704910606,0.03916273557591664,0.998785079607833,1.000005427526738,0.8333333333333334,0.9987804448564415
0.01736518049989789,0.8333370661283325,0.03916241742450646,0.9987849615430217,1.000005356250069,0.8333333333333334,0.9987804448564415
0.01736518049989789,0.8333370661283325,0.03916241742450646,0.9987849615430217,1.000005356250069,0.8333333333333334,0.9987804448564415
0.02,0.8333368429198028,0.03916172511116282,0.9987847045513267,1.000005200966364,0.8333333333333334,0.9987804448564415
0.024,0.8333365354471458,0.03916078793121026,0.9987843567681117,1.000004991008633,0.8333333333333334,0.9987804448564415
0.028,0.8333362594796427,0.03915996052955037,0.9987840498119677,1.000004805855768,0.8333333333333334,0.9987804448564415
0.032,0.8333360064413264,0.03915920704438437,0.9987837703118727,1.000004637324321,0.8333333333333334,0.9987804448564415
0.036,0.8333357769879782,0.03915853021752181,0.998783519290136,1.000004486039971,0.8333333333333334,0.9987804448564415
0.04,0.8333355682222462,0.03915791914392505,0.9987832926865494,1.000004349527813,0.8333333333333334,0.9987804448564415
0.044,0.8333353695701663,0.03915733374700916,0.9987830755780959,1.000004218688924,0.8333333333333334,0.9987804448564415
0.048,0.8333351867641494,0.03915679575324284,0.9987828760549178,1.000004098456058,0.8333333333333334,0.9987804448564415
0.052,0.8333350198041956,0.0391563051625924,0.9987826941170148,1.000003988829215,0.8333333333333334,0.9987804448564415
0.056,0.8333348686903046,0.03915586197502707,0.9987825297643871,1.000003889808396,0.8333333333333334,0.9987804448564415
0.06,0.8333347334224755,0.03915546619051903,0.9987823829970346,1.000003801393599,0.8333333333333334,0.9987804448564415
0.064,0.8333346018808683,0.03915507694581374,0.9987822386253815,1.000003714369927,0.8333333333333334,0.9987804448564415
0.068,0.8333344801617895,0.03915471479521328,0.9987821042898233,1.000003633372497,0.8333333333333334,0.9987804448564415
0.07199999999999999,0.8333343698256706,0.0391543849998573,0.9987819819460231,1.00000355958773,0.8333333333333334,0.9987804448564415
0.076,0.8333342708725106,0.0391540875597318,0.9987818715939808,1.000003493015626,0.8333333333333334,0.9987804448564415
0.08,0.8333341833023074,0.03915382247482397,0.9987817732336963,1.000003433656186,0.8333333333333334,0.9987804448564415
0.08400000000000001,0.8333340991331574,0.03915356614164531,0.9987816781106906,1.00000337623261,0.8333333333333334,0.9987804448564415
0.08799999999999999,0.8333340131346713,0.03915330309328476,0.9987815804883197,1.000003317287114,0.8333333333333334,0.9987804448564415
0.092,0.8333339327427183,0.03915305531853337,0.9987814885221803,1.000003261735517,0.8333333333333334,0.9987804448564415
0.096,0.8333338579572969,0.03915282281738597,0.9987814022122724,1.000003209577819,0.8333333333333334,0.9987804448564415
0.1,0.8333337887784062,0.03915260558983788,0.9987813215585962,1.000003160814019,0.8333333333333334,0.9987804448564415
0.104,0.8333337252060455,0.03915240363588467,0.9987812465611515,1.000003115444119,0.8333333333333334,0.9987804448564415
0.108,0.8333336672402137,0.03915221695552227,0.9987811772199382,1.000003073468117,0.8333333333333334,0.9987804448564415
0.112,0.8333336148809103,0.03915204554874686,0.9987811135349566,1.000003034886014,0.8333333333333334,0.9987804448564415
0.116,0.8333335681281343,0.03915188941555493,0.9987810555062064,1.000002999697811,0.8333333333333334,0.9987804448564415
0.12,0.8333335269818847,0.03915174855594326,0.9987810031336879,1.000002967903506,0.8333333333333334,0.9987804448564415
0.124,0.8333334914421616,0.03915162296990901,0.9987809564174009,1.0000029395031,0.8333333333333334,0.9987804448564415
0.128,0.8333334538304734,0.03915149307523647,0.9987809081151724,1.000002910168235,0.8333333333333334,0.9987804448564415
0.132,0.8333334165366526,0.0391513649666391,0.9987808604810359,1.000002881246057,0.8333333333333334,0.9987804448564415
0.136,0.8333333828771436,0.03915124710194186,0.9987808166429855,1.000002854606042,0.8333333333333334,0.9987804448564415
0.14,0.833333352851947,0.03915113948114325,0.9987807766010208,1.000002830248192,0.8333333333333334,0.9987804448564415
0.144,0.8333333264610622,0.03915104210424185,0.9987807403551422,1.000002808172505,0.8333333333333334,0.9987804448564415
0.148,0.8333333037044884,0.03915095497123621,0.9987807079053497,1.000002788378983,0.8333333333333334,0.9987804448564415
0.152,0.8333332845822266,0.03915087808212523,0.9987806792516429,1.000002770867625,0.8333333333333334,0.9987804448564415
0.156,0.8333332690942753,0.03915081143690778,0.9987806543940223,1.000002755638431,0.8333333333333334,0.9987804448564415
0.16,0.833333257240635,0.03915075503558302,0.9987806333324875,1.000002742691401,0.8333333333333334,0.9987804448564415
0.164,0.8333332490213057,0.03915070887815005,0.9987806160670386,1.000002732026535,0.8333333333333334,0.9987804448564415
0.168,0.8333332444362869,0.03915067296460826,0.9987806025976756,1.000002723643833,0.8333333333333334,0.9987804448564415
0.172,0.8333332330289499,0.03915061960784379,0.9987805826768649,1.000002711404747,0.8333333333333334,0.9987804448564415
0.176,0.8333332220131283,0.03915056790868183,0.9987805633741892,1.000002699544147,0.8333333333333334,0.9987804448564415
0.18,0.8333332126118584,0.03915052110548253,0.9987805458882282,1.000002688780014,0.8333333333333334,0.9987804448564415
0.184,0.83333320482514,0.03915047919824562,0.9987805302189818,1.000002679112349,0.8333333333333334,0.9987804448564415
0.188,0.8333331986529728,0.0391504421869707,0.9987805163664502,1.000002670541151,0.8333333333333334,0.9987804448564415
0.192,0.8333331940953571,0.0391504100716576,0.9987805043306333,1.00000266306642,0.8333333333333334,0.9987804448564415
0.196,0.8333331911522925,0.03915038285230608,0.9987804941115308,1.000002656688158,0.8333333333333334,0.9987804448564415
0.2,0.8333331898237792,0.03915036052891595,0.9987804857091431,1.000002651406362,0.8333333333333334,0.9987804448564415
0.204,0.8333331901098177,0.03915034310148715,0.99878047912347,1.000002647221034,0.8333333333333334,0.9987804448564415
0.208,0.8333331920104072,0.03915033057001943,0.9987804743545117,1.000002644132173,0.8333333333333334,0.9987804448564415
0.212,0.8333331949964533,0.03915032149984414,0.9987804708710182,1.000002641821101,0.8333333333333334,0.9987804448564415
0.216,0.8333331939559806,0.03915030202956895,0.9987804635401932,1.000002637208828,0.8333333333333334,0.9987804448564415
0.22,0.8333331935000647,0.03915028466236906,0.9987804569918929,1.000002633072647,0.8333333333333334,0.9987804448564415
0.224,0.8333331936287049,0.03915026939824427,0.9987804512261174,1.000002629412558,0.8333333333333334,0.9987804448564415
0.228,0.8333331943419016,0.03915025623719467,0.9987804462428661,1.000002626228561,0.8333333333333334,0.9987804448564415
0.232,0.8333331956396551,0.03915024517922019,0.9987804420421398,1.000002623520656,0.8333333333333334,0.9987804448564415
0.236,0.8333331975219648,0.03915023622432071,0.9987804386239378,1.000002621288843,0.8333333333333334,0.9987804448564415
0.24,0.8333331999888308,0.03915022937249626,0.9987804359882606,1.000002619533122,0.8333333333333334,0.9987804448564415
0.244,0.8333332030402535,0.03915022462374679,0.9987804341351078,1.000002618253493,0.8333333333333334,0.9987804448564415
0.248,0.8333332066762327,0.03915022197807243,0.9987804330644797,1.000002617449956,0.8333333333333334,0.9987804448564415
0.252,0.8333332108967683,0.03915022143547293,0.9987804327763763,1.00000261712251,0.8333333333333334,0.9987804448564415
0.256,0.8333332149712498,0.03915022258974532,0.9987804331318371,1.000002617208115,0.8333333333333334,0.9987804448564415
0.26,0.8333332175622682,0.03915022353966008,0.998780433439395,1.000002617314235,0.8333333333333334,0.9987804448564415
0.264,0.8333332201532864,0.03915022448957471,0.9987804337469532,1.000002617420356,0.8333333333333334,0.9987804448564415
0.268,0.8333332227443048,0.03915022543948939,0.9987804340545113,1.000002617526476,0.8333333333333334,0.9987804448564415
0.272,0.8333332253353228,0.03915022638940411,0.9987804343620693,1.000002617632596,0.8333333333333334,0.9987804448564415
0.276,0.8333332279263411,0.03915022733931878,0.9987804346696274,1.000002617738716,0.8333333333333334,0.9987804448564415
0.28,0.8333332305173595,0.03915022828923354,0.9987804349771855,1.000002617844837,0.8333333333333334,0.9987804448564415
0.284,0.8333332331083776,0.03915022923914818,0.9987804352847437,1.000002617950957,0.8333333333333334,0.9987804448564415
0.288,0.8333332356993959,0.0391502301890629,0.9987804355923018,1.000002618057078,0.8333333333333334,0.9987804448564415
0.292,0.8333332382904142,0.03915023113897759,0.9987804358998599,1.000002618163198,0.8333333333333334,0.9987804448564415
0.296,0.8333332408814325,0.03915023208889234,0.998780436207418,1.000002618269318,0.8333333333333334,0.9987804448564415
0.3,0.8333332434724507,0.03915023303880698,0.9987804365149761,1.000002618375438,0.8333333333333334,0.9987804448564415
0.304,0.8333332460634689,0.03915023398872168,0.9987804368225341,1.000002618481559,0.8333333333333334,0.9987804448564415
0.308,0.8333332486544873,0.03915023493863638,0.9987804371300922,1.000002618587679,0.8333333333333334,0.9987804448564415
0.312,0.8333332512455056,0.03915023588855111,0.9987804374376503,1.0000026186938,0.8333333333333334,0.9987804448564415
0.316,0.8333332538365238,0.03915023683846579,0.9987804377452084,1.00000261879992,0.8333333333333334,0.9987804448564415
0.32,0.8333332564275421,0.03915023778838046,0.9987804380527664,1.00000261890604,0.8333333333333334,0.9987804448564415
0.324,0.8333332590185606,0.03915023873829521,0.9987804383603245,1.000002619012161,0.8333333333333334,0.9987804448564415
0.328,0.8333332616095787,0.03915023968820988,0.9987804386678826,1.000002619118281,0.8333333333333334,0.9987804448564415
0.332,0.8333332642005969,0.03915024063812456,0.9987804389754408,1.000002619224401,0.8333333333333334,0.9987804448564415
0.336,0.8333332667916153,0.03915024158803925,0.9987804392829988,1.000002619330522,0.8333333333333334,0.9987804448564415
0.34,0.8333332693826335,0.03915024253795399,0.998780439590557,1.000002619436642,0.8333333333333334,0.9987804448564415
0.344,0.8333332707822598,0.03915024300735555,0.9987804397401848,1.000002619483499,0.8333333333333334,0.9987804448564415
0.348,0.8333332717132842,0.03915024328776011,0.9987804398276953,1.000002619507046,0.8333333333333334,0.9987804448564415
0.352,0.8333332726443083,0.03915024356816472,0.9987804399152059,1.000002619530593,0.8333333333333334,0.9987804448564415
0.356,0.8333332735753325,0.03915024384856927,0.9987804400027164,1.00000261955414,0.8333333333333334,0.9987804448564415
0.36,0.8333332745063565,0.03915024412897387,0.9987804400902266,1.000002619577687,0.8333333333333334,0.9987804448564415
0.364,0.8333332754373807,0.03915024440937843,0.998780440177737,1.000002619601233,0.8333333333333334,0.9987804448564415
0.368,0.833333276368405,0.03915024468978298,0.9987804402652475,1.00000261962478,0.8333333333333334,0.9987804448564415
0.372,0.8333332772994291,0.03915024497018756,0.9987804403527579,1.000002619648327,0.8333333333333334,0.9987804448564415
0.376,0.8333332782304532,0.03915024525059215,0.9987804404402684,1.000002619671874,0.8333333333333334,0.9987804448564415
0.38,0.8333332791614775,0.03915024553099672,0.9987804405277787,1.000002619695421,0.8333333333333334,0.9987804448564415
0.384,0.8333332800925016,0.03915024581140129,0.9987804406152893,1.000002619718968,0.8333333333333334,0.9987804448564415
0.388,0.8333332810235257,0.03915024609180579,0.9987804407027996,1.000002619742515,0.8333333333333334,0.9987804448564415
0.392,0.83333328195455,0.03915024637221041,0.9987804407903101,1.000002619766062,0.8333333333333334,0.9987804448564415
0.396,0.8333332828855742,0.03915024665261498,0.9987804408778206,1.000002619789609,0.8333333333333334,0.9987804448564415
0.4,0.8333332838165985,0.03915024693301958,0.998780440965331,1.000002619813156,0.8333333333333334,0.9987804448564415
0.404,0.8333332847476227,0.03915024721342415,0.9987804410528414,1.000002619836703,0.8333333333333334,0.9987804448564415
0.408,0.8333332856786467,0.03915024749382872,0.9987804411403518,1.00000261986025,0.8333333333333334,0.9987804448564415
0.412,0.8333332866096708,0.03915024777423323,0.9987804412278622,1.000002619883797,0.8333333333333334,0.9987804448564415
0.416,0.8333332875406949,0.03915024805463785,0.9987804413153726,1.000002619907344,0.8333333333333334,0.9987804448564415
0.42,0.8333332884717193,0.03915024833504242,0.9987804414028831,1.000002619930891,0.8333333333333334,0.9987804448564415
0.424,0.8333332894027434,0.03915024861544698,0.9987804414903935,1.000002619954438,0.8333333333333334,0.9987804448564415
0.428,0.8333332903337675,0.03915024889585154,0.9987804415779039,1.000002619977985,0.8333333333333334,0.9987804448564415
0.432,0.8333332912647916,0.03915024917625614,0.9987804416654145,1.000002620001532,0.8333333333333334,0.9987804448564415
0.436,0.8333332921958158,0.03915024945666069,0.9987804417529248,1.000002620025078,0.8333333333333334,0.9987804448564415
0.44,0.8333332931268401,0.03915024973706528,0.9987804418404354,1.000002620048626,0.8333333333333334,0.9987804448564415
0.444,0.8333332940578642,0.03915025001746985,0.9987804419279457,1.000002620072172,0.8333333333333334,0.9987804448564415
0.448,0.8333332949888882,0.0391502502978744,0.9987804420154561,1.000002620095719,0.8333333333333334,0.9987804448564415
0.452,0.8333332959199126,0.03915025057827897,0.9987804421029666,1.000002620119266,0.8333333333333334,0.9987804448564415
0.456,0.8333332968509368,0.03915025085868356,0.998780442190477,1.000002620142813,0.8333333333333334,0.9987804448564415
0.46,0.8333332977819609,0.03915025113908809,0.9987804422779873,1.00000262016636,0.8333333333333334,0.9987804448564415
0.464,0.8333332987129849,0.03915025141949265,0.9987804423654978,1.000002620189907,0.8333333333333334,0.9987804448564415
0.468,0.8333332996440094,0.0391502516998973,0.9987804424530082,1.000002620213454,0.8333333333333334,0.9987804448564415
0.472,0.8333333005750336,0.03915025198030188,0.9987804425405186,1.000002620237001,0.8333333333333334,0.9987804448564415
0.476,0.8333333015060578,0.03915025226070645,0.9987804426280292,1.000002620260548,0.8333333333333334,0.9987804448564415
0.48,0.8333333024370819,0.03915025254111103,0.9987804427155396,1.000002620284095,0.8333333333333334,0.9987804448564415
0.484,0.833333303368106,0.03915025282151558,0.99878044280305,1.000002620307642,0.8333333333333334,0.9987804448564415
0.488,0.83333330429913,0.03915025310192013,0.9987804428905604,1.000002620331189,0.8333333333333334,0.9987804448564415
0.492,0.8333333052301545,0.03915025338232474,0.9987804429780709,1.000002620354736,0.8333333333333334,0.9987804448564415
0.496,0.8333333061611785,0.0391502536627293,0.9987804430655814,1.000002620378283,0.8333333333333334,0.9987804448564415
0.5,0.8333333070922025,0.03915025394313387,0.9987804431530917,1.00000262040183,0.8333333333333334,0.9987804448564415
0.5,0.8333333070922025,0.03915025394313387,0.9987804431530917,1.00000262040183,0.8333333333333334,0.9987804448564415
0.500000000150001,0.8333333070922025,0.03915025394313387,0.9987804431530917,1.00000262040183,0.8333333333333334,0.9987804448564415
0.500000000150001,0,0,0.1277111813028635,0,0.8333333333333334,0.9987804448564415
0.504,0,0,0.1277111822786786,0,0.8333333333333334,0.9987804448564415
0.508,0,0,0.1277111822428416,0,0.8333333333333334,0.9987804448564415
0.512,0,0,0.1277111822005662,0,0.8333333333333334,0.9987804448564415
0.516,0,0,0.1277111821599396,0,0.8333333333333334,0.9987804448564415
0.52,0,0,0.1277111821209772,0,0.8333333333333334,0.9987804448564415
0.524,0,0,0.1277111820836132,0,0.8333333333333334,0.9987804448564415
0.528,0,0,0.1277111820477819,0,0.8333333333333334,0.9987804448564415
0.532,0,0,0.1277111820134203,0,0.8333333333333334,0.9987804448564415
0.536,0,0,0.1277111819804682,0,0.8333333333333334,0.9987804448564415
0.54,0,0,0.127711181948868,0,0.8333333333333334,0.9987804448564415
0.544,0,0,0.1277111819185638,0,0.8333333333333334,0.9987804448564415
0.548,0,0,0.1277111818894995,0,0.8333333333333334,0.9987804448564415
0.552,0,0,0.1277111818616229,0,0.8333333333333334,0.9987804448564415
0.556,0,0,0.1277111818348728,0,0.8333333333333334,0.9987804448564415
0.5600000000000001,0,0,0.1277111818108436,0,0.8333333333333334,0.9987804448564415
0.5639999999999999,0,0,0.1277111817877383,0,0.8333333333333334,0.9987804448564415
0.5679999999999999,0,0,0.1277111817646331,0,0.8333333333333334,0.9987804448564415
0.572,0,0,0.1277111817453755,0,0.8333333333333334,0.9987804448564415
0.576,0,0,0.1277111817266693,0,0.8333333333333334,0.9987804448564415
0.58,0,0,0.1277111817079631,0,0.8333333333333334,0.9987804448564415
0.584,0,0,0.1277111816892569,0,0.8333333333333334,0.9987804448564415
0.588,0,0,0.1277111816705508,0,0.8333333333333334,0.9987804448564415
0.592,0,0,0.1277111816534009,0,0.8333333333333334,0.9987804448564415
0.596,0,0,0.1277111816406785,0,0.8333333333333334,0.9987804448564415
0.6,0,0,0.127711181627956,0,0.8333333333333334,0.9987804448564415
0.6000000001600033,0,0,0.127711181627956,0,0.8333333333333334,0.9987804448564415
0.6000000001600033,0.8333332026557051,0.03914953054079863,0.9987801720794223,1.000002452115446,0.8333333333333334,0.9987804448564415
0.6000000001700063,0.8333332026557012,0.03914953054077856,0.9987801720794147,1.000002452115442,0.8333333333333334,0.9987804448564415
0.6000000001700063,0.8333332026557012,0.03914953054077856,0.9987801720794147,1.000002452115442,0.8333333333333334,0.9987804448564415
0.6000001352114248,0.8333420408518128,0.03917366396361018,0.9987891097292659,1.000007815676071,0.8333333333333334,0.9987804448564415
0.6000001352114248,0.8333420408518128,0.03917366396361018,0.9987891097292659,1.000007815676071,0.8333333333333334,0.9987804448564415
0.604,0.8859842815737798,0.1896026820203129,1.052783674954342,1.032452142617666,0.8333333333333334,0.9987804448564415
0.608,0.8816550690843028,0.1742287324572315,1.047398521184164,1.029184011603091,0.8333333333333334,0.9987804448564415
0.612,0.8774375465564945,0.1602717906576964,1.042486289777447,1.026212024433634,0.8333333333333334,0.9987804448564415
0.6159392375502897,0.8738070732953536,0.1489459462381665,1.038483569176956,1.023796959442048,0.8333333333333334,0.9987804448564415
0.6159392375502897,0.8738070732953536,0.1489459462381665,1.038483569176956,1.023796959442048,0.8333333333333334,0.9987804448564415
0.616,0.8737545537133496,0.1487866435422606,1.038427164998627,1.02376297450344,0.8333333333333334,0.9987804448564415
0.62,0.8704979955664629,0.1391447658917085,1.035007890379937,1.021705289035006,0.8333333333333334,0.9987804448564415
0.624,0.8675851406853736,0.1308719891695158,1.032065567524535,1.019938462302264,0.8333333333333334,0.9987804448564415
0.628,0.8649550663970526,0.123635589071051,1.029485137402541,1.018391584296394,0.8333333333333334,0.9987804448564415
0.632,0.8625632599049674,0.1172079565387399,1.027187641059019,1.017016081894302,0.8333333333333334,0.9987804448564415
0.636,0.8603762710615198,0.111429993525969,1.025117787831553,1.015778017572941,0.8333333333333334,0.9987804448564415
0.64,0.8583683282940686,0.106188134127493,1.0232360854181,1.014653213507135,0.8333333333333334,0.9987804448564415
0.644,0.8565191489875423,0.1013998131832772,1.021513834367173,1.013624151353552,0.8333333333333334,0.9987804448564415
0.648,0.8548122864428664,0.09700305765552521,1.019929507973453,1.012677732432549,0.8333333333333334,0.9987804448564415
0.652,0.8532341116591432,0.09295020491628198,1.018466566767355,1.01180392611144,0.8333333333333334,0.9987804448564415
0.656,0.851773107330581,0.08920370088660171,1.017111992553151,1.010994863942478,0.8333333333333334,0.9987804448564415
0.66,0.8504194581943798,0.08573369236417476,1.015855454114234,1.010244324318232,0.8333333333333334,0.9987804448564415
0.664,0.8491644809482961,0.08251494813870973,1.014688212071689,1.009547057314785,0.8333333333333334,0.9987804448564415
0.668,0.8480004551695126,0.07952596329884072,1.013602811616726,1.008898595456275,0.8333333333333334,0.9987804448564415
0.672,0.8469204299527163,0.0767479856530667,1.012592741272102,1.008295043811769,0.8333333333333334,0.9987804448564415
0.676,0.8459181284909307,0.07416456351797705,1.011652278855006,1.007732985469678,0.8333333333333334,0.9987804448564415
0.68,0.844987831881277,0.07176101497567464,1.010776305939602,1.007209367773452,0.8333333333333334,0.9987804448564415
0.6840000000000001,0.8441243001160188,0.06952408728321854,1.009960190023408,1.006721430231654,0.8333333333333334,0.9987804448564415
0.6879999999999999,0.8433227387501179,0.06744183170416518,1.009199744508651,1.006266680216741,0.8333333333333334,0.9987804448564415
0.6919999999999999,0.8425787045467265,0.06550321039017119,1.008491088919574,1.005842807509384,0.8333333333333334,0.9987804448564415
0.696,0.8418880299190471,0.06369779911152149,1.007830543252934,1.005447619852261,0.8333333333333334,0.9987804448564415
0.7,0.8412469114237469,0.06201622570888902,1.007214793186418,1.005079144626578,0.8333333333333334,0.9987804448564415
0.704,0.8406518706554036,0.06045003810621345,1.006640844781185,1.00473560143293,0.8333333333333334,0.9987804448564415
0.708,0.8400996243226062,0.05899114820210909,1.006105821643018,1.004415277904186,0.8333333333333334,0.9987804448564415
0.712,0.8395871411514014,0.05763213636299254,1.00560707963827,1.004116600463828,0.8333333333333334,0.9987804448564415
0.716,0.8391116282977054,0.0563661936135175,1.005142187445168,1.003838122437413,0.8333333333333334,0.9987804448564415
0.72,0.8386704756281347,0.05518693731476214,1.004708860213222,1.003578483879166,0.8333333333333334,0.9987804448564415
0.724,0.8382612550602562,0.05408840838649411,1.004304959845514,1.003336411757234,0.8333333333333334,0.9987804448564415
0.728,0.8378817006045135,0.05306503096856511,1.00392848142333,1.003110712015332,0.8333333333333334,0.9987804448564415
0.732,0.8375297186390256,0.05211166434578187,1.003577573508653,1.002900282080325,0.8333333333333334,0.9987804448564415
0.736,0.8372033484666339,0.05122346837877199,1.003250489322873,1.00270408124869,0.8333333333333334,0.9987804448564415
0.74,0.8369007793158063,0.05039598896478377,1.002945619261039,1.00252115070917,0.8333333333333334,0.9987804448564415
0.744,0.8366203226174814,0.04962506088525318,1.002661455644191,1.002350592136681,0.8333333333333334,0.9987804448564415
0.748,0.8363604135373565,0.04890682835970287,1.002396600994404,1.002191572879183,0.8333333333333334,0.9987804448564415
0.752,0.8361195966132977,0.04823769236468153,1.002149749033982,1.002043314396898,0.8333333333333334,0.9987804448564415
0.756,0.8358965187731198,0.04761430086213341,1.001919681587568,1.001905090532045,0.8333333333333334,0.9987804448564415
0.76,0.8356899196944897,0.04703352518265434,1.001705260273645,1.001776222566838,0.8333333333333334,0.9987804448564415
0.764,0.8354986254201231,0.04649244516452246,1.001505421371567,1.001656076183945,0.8333333333333334,0.9987804448564415
0.768,0.8353215572439026,0.04598841098527931,1.001319199212079,1.001544075988211,0.8333333333333334,0.9987804448564415
0.772,0.8351576909018141,0.04551887043071563,1.001145662231577,1.001439666360089,0.8333333333333334,0.9987804448564415
0.776,0.8350060712318882,0.04508145668838195,1.00098394593004,1.001342331846282,0.8333333333333334,0.9987804448564415
0.78,0.834865843590421,0.04467399975589825,1.000833256748497,1.001251598539874,0.8333333333333334,0.9987804448564415
0.784,0.8347361830815055,0.04429443126045293,1.000692837786182,1.001167014766972,0.8333333333333334,0.9987804448564415
0.788,0.8346163168681521,0.04394080361425027,1.000561975709413,1.001088154701333,0.8333333333333334,0.9987804448564415
0.792,0.8345055441835046,0.04361135794284388,1.000440026076452,1.001014633733313,0.8333333333333334,0.9987804448564415
0.796,0.8344032198180024,0.04330448034765257,1.000326397306122,1.000946098870403,0.8333333333333334,0.9987804448564415
0.8,0.8343087162385925,0.04301857640553874,1.000220504221836,1.000882200580982,0.8333333333333334,0.9987804448564415
0.804,0.8342214614665,0.04275219864002859,1.000121815418004,1.000822621526007,0.8333333333333334,0.9987804448564415
0.8080000000000001,0.8341409558546555,0.04250407646721734,1.000029864301818,1.000767082983776,0.8333333333333334,0.9987804448564415
0.8120000000000001,0.8340666957682414,0.04227293444410055,0.9999441821471635,1.000715305020432,0.8333333333333334,0.9987804448564415
0.8159999999999999,0.8339982231727341,0.04205761094973215,0.9998643419052028,1.000667032566285,0.8333333333333334,0.9987804448564415
0.82,0.8339351274026279,0.04185704704046837,0.9997899540197625,1.000622032701577,0.8333333333333334,0.9987804448564415
0.824,0.8338770115326138,0.04167023201662819,0.9997206466054913,1.000580083241378,0.8333333333333334,0.9987804448564415
0.828,0.833823506743828,0.04149622286178331,0.9996560725284522,1.000540976732049,0.8333333333333334,0.9987804448564415
0.832,0.8337742787138211,0.04133415523546284,0.9995959134576617,1.000504522800599,0.8333333333333334,0.9987804448564415
0.836,0.8337290163600989,0.04118322106908844,0.9995398716644565,1.000470543340951,0.8333333333333334,0.9987804448564415
0.84,0.8336874194738547,0.04104264385975441,0.999487660968714,1.000438867197429,0.8333333333333334,0.9987804448564415
0.844,0.8336492142236394,0.04091171029345116,0.9994390183814714,1.000409337014667,0.8333333333333334,0.9987804448564415
0.848,0.8336141589006443,0.04078978911147797,0.9993937111288812,1.00038181349372,0.8333333333333334,0.9987804448564415
0.852,0.8335820096833514,0.04067624011817484,0.9993515030135002,1.000356155238237,0.8333333333333334,0.9987804448564415
0.856,0.8335525431141126,0.04057047467408802,0.9993121768051513,1.000332232179876,0.8333333333333334,0.9987804448564415
0.86,0.8335255703740675,0.04047199579098855,0.9992755491018119,1.000309934510771,0.8333333333333334,0.9987804448564415
0.864,0.833500896282229,0.04038028643760146,0.9992414290033588,1.000289147887743,0.8333333333333334,0.9987804448564415
0.868,0.8334783440962348,0.04029487805159451,0.9992096434815564,1.000269768666858,0.8333333333333334,0.9987804448564415
0.872,0.8334577554037522,0.04021534673590423,0.9991800359555238,1.000251703003901,0.8333333333333334,0.9987804448564415
0.876,0.8334389819171019,0.04014129508180066,0.9991524596009785,1.000234862893609,0.8333333333333334,0.9987804448564415
0.88,0.8334218816727952,0.04007234365092584,0.9991267742158789,1.000219164312711,0.8333333333333334,0.9987804448564415
0.884,0.8334063256567669,0.04000814417693054,0.9991028510768327,1.000204530071756,0.8333333333333334,0.9987804448564415
0.888,0.8333921974781355,0.03994837722527034,0.9990805720668997,1.000190889273279,0.8333333333333334,0.9987804448564415
0.892,0.8333793835328976,0.03989273510838015,0.9990598234249589,1.00017817368604,0.8333333333333334,0.9987804448564415
0.896,0.8333677793731925,0.03984093182096898,0.9990404993729958,1.00016631982637,0.8333333333333334,0.9987804448564415
0.9,0.8333572940957191,0.03979271458791461,0.9990225063913156,1.000155271518218,0.8333333333333334,0.9987804448564415
0.904,0.8333478363317647,0.03974783059858721,0.9990057509411208,1.000144972589451,0.8333333333333334,0.9987804448564415
0.908,0.8333393224488755,0.03970604628758125,0.9989901465822001,1.000135371103337,0.8333333333333334,0.9987804448564415
0.912,0.8333316788882952,0.03966715506065813,0.998975616845186,1.000126421099434,0.8333333333333334,0.9987804448564415
0.916,0.8333248354779723,0.03963095874285739,0.9989620883623208,1.000118078467677,0.8333333333333334,0.9987804448564415
0.92,0.8333187250995688,0.03959726686475895,0.9989494906057864,1.000110300793881,0.8333333333333334,0.9987804448564415
0.924,0.8333132875903966,0.03956590739865051,0.9989377598646837,1.000103049747407,0.8333333333333334,0.9987804448564415
0.928,0.8333084693431329,0.03953672559154115,0.9989268388136003,1.000096290821345,0.8333333333333334,0.9987804448564415
0.9320000000000001,0.8333042170106371,0.03950956782222002,0.9989166705437243,1.000089989764006,0.8333333333333334,0.9987804448564415
0.9360000000000001,0.8333004822766379,0.03948429381580082,0.9989072030804516,1.000084115279562,0.8333333333333334,0.9987804448564415
0.9399999999999999,0.8332972231518788,0.03946077819306613,0.9988983899434903,1.000078639338713,0.8333333333333334,0.9987804448564415
0.944,0.8332943976590521,0.0394388979002394,0.9988901855265937,1.000073534465909,0.8333333333333334,0.9987804448564415
0.948,0.8332919676005428,0.03941853940974371,0.9988825477421015,1.000068775286833,0.8333333333333334,0.9987804448564415
0.952,0.8332898992564897,0.03939960004291788,0.998875438507008,1.000064338812634,0.8333333333333334,0.9987804448564415
0.956,0.8332881603272257,0.03938198160211461,0.998868821399632,1.000060203059062,0.8333333333333334,0.9987804448564415
0.96,0.8332867204456741,0.03936559124844287,0.998862661981184,1.00005634723278,0.8333333333333334,0.9987804448564415
0.964,0.833285552918559,0.03935034586692596,0.9988569294096994,1.000052752694913,0.8333333333333334,0.9987804448564415
0.968,0.8332846342960085,0.03933617111377831,0.998851596089137,1.00004940275333,0.8333333333333334,0.9987804448564415
0.972,0.8332839409614422,0.03932299227852473,0.9988466342869851,1.000046280635083,0.8333333333333334,0.9987804448564415
0.976,0.8332834518831087,0.03931074171334203,0.9988420188849961,1.000043371136071,0.8333333333333334,0.9987804448564415
0.98,0.8332831476099105,0.03929935616420739,0.9988377263915739,1.000040660029306,0.8333333333333334,0.9987804448564415
0.984,0.8332830100715812,0.03928877626480495,0.9988337347547841,1.000038133953214,0.8333333333333334,0.9987804448564415
0.988,0.8332830223788659,0.0392789460304893,0.9988300231753623,1.000035780299928,0.8333333333333334,0.9987804448564415
0.992,0.8332831696067892,0.03926981499003739,0.9988265728962076,1.000033587688988,0.8333333333333334,0.9987804448564415
0.996,0.8332834366340047,0.03926133241844983,0.998823365067704,1.000031544688002,0.8333333333333334,0.9987804448564415
1,0.833283809174644,0.03925345013577556,0.9988203817841224,1.000029640434365,0.8333333333333334,0.9987804448564415
1.004,0.8332842734973804,0.03924612178352644,0.9988176058160383,1.000027864475238,0.8333333333333334,0.9987804448564415
1.008,0.8332848161349845,0.03923930207560701,0.9988150203333063,1.000026206601873,0.8333333333333334,0.9987804448564415
1.012,0.8332854236912844,0.0392329463106206,0.9988126087247813,1.00002465674193,0.8333333333333334,0.9987804448564415
1.016,0.8332860889396734,0.039227025679405,0.9988103602575162,1.000023208338376,0.8333333333333334,0.9987804448564415
1.02,0.8332868222828428,0.03922155603186518,0.9988082807119354,1.000021864699399,0.8333333333333334,0.9987804448564415
1.024,0.8332876023487635,0.03921647384304853,0.9988063465265963,1.000020611619546,0.8333333333333334,0.9987804448564415
1.028,0.8332884216528678,0.03921175084725535,0.9988045471782451,1.000019442683571,0.8333333333333334,0.9987804448564415
1.032,0.8332892731187903,0.03920736019463707,0.9988028726699792,1.000018351795942,0.8333333333333334,0.9987804448564415
1.036,0.8332901499817212,0.03920327620555399,0.9988013134404329,1.000017333126579,0.8333333333333334,0.9987804448564415
1.04,0.8332910456917595,0.03919947412494253,0.998799860272959,1.000016381056589,0.8333333333333334,0.9987804448564415
1.044,0.8332919605756923,0.03919594486679424,0.9987985097311868,1.000015493396049,0.8333333333333334,0.9987804448564415
1.048,0.8332928913805524,0.03919267179056727,0.9987972555969887,1.000014666314113,0.8333333333333334,0.9987804448564415
1.052,0.8332938309134328,0.03918962987110599,0.9987960885641628,1.000013894157153,0.8333333333333334,0.9987804448564415
1.056,0.8332947751443861,0.03918680142153852,0.9987950020346971,1.000013172880112,0.8333333333333334,0.9987804448564415
1.06,0.8332957201773529,0.03918416934357098,0.9987939896301037,1.00001249857252,0.8333333333333334,0.9987804448564415
1.064,0.8332966621799531,0.03918171694053062,0.9987930451222217,1.000011867417034,0.8333333333333334,0.9987804448564415
1.068,0.8332975973134815,0.0391794277309088,0.9987921623642061,1.000011275648081,0.8333333333333334,0.9987804448564415
1.072,0.8332985343689016,0.03917731678969547,0.9987913468746542,1.000010726463086,0.8333333333333334,0.9987804448564415
1.076,0.8332994645734582,0.03917535581575,0.998790588141323,1.000010213497931,0.8333333333333334,0.9987804448564415
1.08,0.8333003860416993,0.03917353379026062,0.998789882041265,1.000009734203249,0.8333333333333334,0.9987804448564415
1.084,0.8333012969736646,0.03917184008641815,0.9987892245978269,1.000009286119486,0.8333333333333334,0.9987804448564415
1.088,0.8333021956091292,0.03917026434313885,0.998788611933878,1.000008866848831,0.8333333333333334,0.9987804448564415
1.092,0.833303080181847,0.03916879633878823,0.9987880402250378,1.000008474027117,0.8333333333333334,0.9987804448564415
1.096,0.8333039511330915,0.03916743223707726,0.9987875080142513,1.000008106715408,0.8333333333333334,0.9987804448564415
1.1,0.8333048108245922,0.03916617378016057,0.9987870159128026,1.000007765220277,0.8333333333333334,0.9987804448564415
1.104,0.8333056557010751,0.03916500618652945,0.9987865584099083,1.000007446169695,0.8333333333333334,0.9987804448564415
1.108,0.8333064849557679,0.03916392259415998,0.9987861329306834,1.000007147958797,0.8333333333333334,0.9987804448564415
1.112,0.8333072977645825,0.03916291626251919,0.9987857369464463,1.000006869012604,0.8333333333333334,0.9987804448564415
1.116,0.8333080932542725,0.03916198048555182,0.9987853679424927,1.000006607766687,0.8333333333333334,0.9987804448564415
1.12,0.8333088704706006,0.03916110850466963,0.9987850233858737,1.000006362647823,0.8333333333333334,0.9987804448564415
1.124,0.8333096324977319,0.03916030457286811,0.9987847048215864,1.0000061345298,0.8333333333333334,0.9987804448564415
1.128,0.8333103784751593,0.03915956250892135,0.9987844099328173,1.000005921973215,0.8333333333333334,0.9987804448564415
1.132,0.833311107077785,0.03915887504418819,0.9987841360013375,1.000005723300094,0.8333333333333334,0.9987804448564415
1.136,0.8333118179589033,0.03915823769728939,0.9987838813419936,1.000005537453901,0.8333333333333334,0.9987804448564415
1.14,0.8333125107146259,0.03915764599083926,0.9987836442722635,1.000005363381727,0.8333333333333334,0.9987804448564415
1.144,0.8333131848634807,0.0391570953951593,0.9987834230914076,1.000005200021776,0.8333333333333334,0.9987804448564415
1.148,0.8333138403349144,0.03915658249227847,0.9987832165103231,1.000005046559143,0.8333333333333334,0.9987804448564415
1.152,0.8333144810274709,0.03915611350062376,0.998783026800009,1.000004904299984,0.8333333333333334,0.9987804448564415
1.156,0.8333151044181801,0.03915567935227732,0.9987828505864941,1.00000477119165,0.8333333333333334,0.9987804448564415
1.16,0.8333157105188955,0.0391552771617876,0.9987826867801063,1.000004646542855,0.8333333333333334,0.9987804448564415
1.164,0.8333162993171396,0.03915490408226806,0.9987825343062124,1.000004529672682,0.8333333333333334,0.9987804448564415
1.168,0.8333168707658003,0.03915455727332474,0.9987823920933123,1.000004419903388,0.8333333333333334,0.9987804448564415
1.172,0.8333174247728268,0.03915423386898429,0.9987822590611322,1.000004316553208,0.8333333333333334,0.9987804448564415
1.176,0.8333179625540692,0.03915393443674958,0.9987821353999711,1.000004219701093,0.8333333333333334,0.9987804448564415
1.18,0.8333184852420747,0.03915365940892066,0.9987820212507218,1.000004129397526,0.8333333333333334,0.9987804448564415
1.184,0.8333189921065546,0.03915340451935828,0.9987819150170393,1.000004044655432,0.8333333333333334,0.9987804448564415
1.188,0.8333194834112982,0.03915316811462489,0.9987818160694427,1.000003965066654,0.8333333333333334,0.9987804448564415
1.192,0.8333199594190349,0.03915294859965782,0.9987817238005121,1.00000389023706,0.8333333333333334,0.9987804448564415
1.196,0.8333204203871872,0.0391527444212094,0.998781637618719,1.000003819782774,0.8333333333333334,0.9987804448564415
1.2,0.8333208665636228,0.03915255405128599,0.9987815569422585,1.000003753326415,0.8333333333333334,0.9987804448564415
1.204,0.833321298953529,0.03915237888034514,0.9987814822763006,1.000003691153797,0.8333333333333334,0.9987804448564415
1.208,0.8333217176365285,0.03915221686653914,0.9987814128483432,1.000003632772399,0.8333333333333334,0.9987804448564415
1.212,0.8333221228945692,0.03915206679117535,0.9987813481926903,1.000003577877287,0.8333333333333334,0.9987804448564415
1.216,0.8333225150899872,0.03915192779806925,0.9987812879789306,1.000003526246543,0.8333333333333334,0.9987804448564415
1.22,0.8333228945826214,0.03915179908024394,0.998781231895282,1.000003477670144,0.8333333333333334,0.9987804448564415
1.224,0.8333232617273206,0.03915167986999016,0.9987811796448856,1.000003431947703,0.8333333333333334,0.9987804448564415
1.228,0.8333236169038144,0.03915156967284714,0.9987811310335624,1.000003388943078,0.8333333333333334,0.9987804448564415
1.232,0.8333239605681166,0.03915146866387893,0.9987810861184188,1.000003348676837,0.8333333333333334,0.9987804448564415
1.236,0.8333242930023743,0.03915137581113604,0.9987810445042611,1.000003310888735,0.8333333333333334,0.9987804448564415
1.24,0.8333246145479547,0.03915129064127331,0.9987810060056389,1.000003275449484,0.8333333333333334,0.9987804448564415
1.244,0.8333249255335597,0.0391512127066009,0.9987809704470376,1.000003242236527,0.8333333333333334,0.9987804448564415
1.248,0.8333252262730425,0.03915114157747209,0.9987809376600477,1.000003211132321,0.8333333333333334,0.9987804448564415
1.252,0.8333255170632236,0.03915107683467117,0.9987809074805344,1.00000318202262,0.8333333333333334,0.9987804448564415
1.256,0.8333257981817077,0.03915101806180223,0.9987808797458059,1.000003154794749,0.8333333333333334,0.9987804448564415
1.26,0.8333260698846991,0.03915096483767626,0.9987808542917831,1.00000312933589,0.8333333333333334,0.9987804448564415
1.264,0.8333263324048182,0.03915091672869975,0.9987808309501682,1.000003105531357,0.8333333333333334,0.9987804448564415
1.268,0.8333265859489181,0.03915087328126276,0.998780809545614,1.000003083262881,0.8333333333333334,0.9987804448564415
1.272,0.8333268306958997,0.03915083401412677,0.9987807898928928,1.000003062406884,0.8333333333333334,0.9987804448564415
1.276,0.8333270667945295,0.03915079841081288,0.9987807717940655,1.000003042832765,0.8333333333333334,0.9987804448564415
1.28,0.8333272943657091,0.03915076592021755,0.9987807550386694,1.000003024402937,0.8333333333333334,0.9987804448564415
1.284,0.8333275160965233,0.03915074074541589,0.9987807411606558,1.000003007997796,0.8333333333333334,0.9987804448564415
1.288,0.8333277304484944,0.03915071929265935,0.998780728833484,1.000002992829049,0.8333333333333334,0.9987804448564415
1.292,0.8333279376356756,0.03915070121204102,0.9987807179208193,1.000002978802916,0.8333333333333334,0.9987804448564415
1.296,0.8333281378541474,0.03915068612299291,0.9987807082751046,1.000002965819114,0.8333333333333334,0.9987804448564415
1.3,0.8333283312809541,0.03915067360874867,0.9987806997354917,1.000002953769587,0.8333333333333334,0.9987804448564415
1.304,0.8333285180730444,0.03915066321080644,0.9987806921257696,1.000002942537229,0.8333333333333334,0.9987804448564415
1.308,0.8333286983662122,0.03915065442339211,0.9987806852522969,1.000002931994607,0.8333333333333334,0.9987804448564415
1.312,0.8333288722740313,0.03915064668792122,0.9987806789019305,1.000002922002687,0.8333333333333334,0.9987804448564415
1.316,0.8333290398868,0.0391506393874626,0.9987806728399568,1.000002912409556,0.8333333333333334,0.9987804448564415
1.32,0.833329201270476,0.03915063184120082,0.9987806668080211,1.000002903049147,0.8333333333333334,0.9987804448564415
1.324,0.8333293564656187,0.03915062329889914,0.9987806605220589,1.000002893739962,0.8333333333333334,0.9987804448564415
1.328,0.8333295054863262,0.03915061293536222,0.9987806536702254,1.0000028842838,0.8333333333333334,0.9987804448564415
1.332,0.833329648319176,0.03915059984489906,0.9987806459108258,1.000002874464477,0.8333333333333334,0.9987804448564415
1.336,0.8333297877540748,0.03915059532665724,0.9987806414550295,1.000002866856297,0.8333333333333334,0.9987804448564415
1.34,0.8333299229512731,0.03915059496366959,0.9987806386516948,1.000002860441193,0.8333333333333334,0.9987804448564415
1.344,0.8333300532420549,0.03915059511743104,0.9987806361402287,1.000002854379449,0.8333333333333334,0.9987804448564415
1.348,0.8333301787352027,0.03915059555910318,0.9987806338320842,1.00000284861119,0.8333333333333334,0.9987804448564415
1.352,0.8333302995284773,0.03915059604628845,0.9987806316338114,1.000002843073813,0.8333333333333334,0.9987804448564415
1.356,0.8333304157084165,0.0391505963212362,0.998780629446386,1.000002837701566,0.8333333333333334,0.9987804448564415
1.36,0.8333305273501403,0.03915059610904949,0.9987806271645343,1.000002832425125,0.8333333333333334,0.9987804448564415
1.364,0.8333306345171491,0.03915059511589073,0.9987806246760601,1.000002827171176,0.8333333333333334,0.9987804448564415
1.368,0.8333307372611281,0.03915059302718843,0.9987806218611728,1.000002821861995,0.8333333333333334,0.9987804448564415
1.372,0.8333308356217474,0.0391505895058432,0.998780618591812,1.000002816415028,0.8333333333333334,0.9987804448564415
1.376,0.833330929626465,0.0391505841904345,0.9987806147309755,1.000002810742468,0.8333333333333334,0.9987804448564415
1.38,0.8333310192903284,0.03915057669342619,0.9987806101320456,1.00000280475084,0.8333333333333334,0.9987804448564415
1.384,0.8333311046157749,0.03915056659937359,0.9987806046381159,1.000002798340578,0.8333333333333334,0.9987804448564415
1.388,0.8333311874419744,0.03915055785624511,0.9987805997035399,1.000002792370694,0.8333333333333334,0.9987804448564415
1.392,0.8333312685393182,0.03915055215514692,0.9987805959516307,1.000002787209962,0.8333333333333334,0.9987804448564415
1.396,0.8333313464363551,0.03915054579613252,0.9987805920144285,1.00000278204153,0.8333333333333334,0.9987804448564415
1.4,0.8333314212376884,0.03915053877111781,0.9987805878868178,1.000002776858565,0.8333333333333334,0.9987804448564415
1.404,0.8333314930438527,0.03915053108199102,0.998780583567529,1.000002771656815,0.8333333333333334,0.9987804448564415
1.408,0.8333315619513133,0.03915052274061215,0.9987805790591374,1.000002766434603,0.8333333333333334,0.9987804448564415
1.412,0.8333316280524664,0.03915051376881344,0.9987805743680643,1.00000276119283,0.8333333333333334,0.9987804448564415
1.416,0.8333316914356401,0.03915050419839916,0.9987805695045757,1.000002755934977,0.8333333333333334,0.9987804448564415
1.42,0.8333317521850928,0.03915049407114545,0.9987805644827834,1.0000027506671,0.8333333333333334,0.9987804448564415
1.424,0.8333318103810142,0.03915048343880079,0.9987805593206446,1.000002745397833,0.8333333333333334,0.9987804448564415
1.428,0.8333318660995253,0.03915047236308541,0.9987805540399614,1.000002740138389,0.8333333333333334,0.9987804448564415
1.432,0.8333319194126767,0.0391504609156916,0.9987805486663818,1.000002734902557,0.8333333333333334,0.9987804448564415
1.436,0.8333319703884524,0.03915044917828393,0.9987805432293987,1.000002729706705,0.8333333333333334,0.9987804448564415
1.44,0.8333320193720406,0.03915043673436723,0.9987805375649493,1.000002724434972,0.8333333333333334,0.9987804448564415
1.444,0.8333320671674567,0.03915042234118615,0.9987805311879537,1.00000271875222,0.8333333333333334,0.9987804448564415
1.448,0.8333321131489758,0.03915040734147036,0.9987805246177229,1.000002713009175,0.8333333333333334,0.9987804448564415
1.452,0.8333321574081478,0.03915039178479533,0.9987805178711694,1.000002707213417,0.8333333333333334,0.9987804448564415
1.456,0.8333322000342958,0.03915037572738039,0.9987805109677584,1.000002701374226,0.8333333333333334,0.9987804448564415
1.46,0.8333322411145163,0.03915035923208915,0.9987805039295073,1.000002695502572,0.8333333333333334,0.9987804448564415
1.464,0.8333322807336785,0.03915034236842898,0.9987804967809863,1.000002689611123,0.8333333333333334,0.9987804448564415
1.468,0.8333323189744249,0.03915032521255146,0.9987804895493181,1.00000268371424,0.8333333333333334,0.9987804448564415
1.472,0.8333323559171723,0.03915030784725226,0.998780482264177,1.000002677827979,0.8333333333333334,0.9987804448564415
1.476,0.8333323916401092,0.03915029036197101,0.9987804749577913,1.000002671970093,0.8333333333333334,0.9987804448564415
1.48,0.8333324262191981,0.03915027285279136,0.9987804676649406,1.000002666160025,0.8333333333333334,0.9987804448564415
1.484,0.8333324597281753,0.0391502554224411,0.9987804604229572,1.000002660418918,0.8333333333333334,0.9987804448564415
1.488,0.8333324922385495,0.03915023818029208,0.9987804532717266,1.000002654769605,0.8333333333333334,0.9987804448564415
1.492,0.833332523819603,0.03915022124236008,0.9987804462536859,1.000002649236618,0.8333333333333334,0.9987804448564415
1.496,0.8333325545383911,0.03915020473130493,0.9987804394138251,1.000002643846181,0.8333333333333334,0.9987804448564415
1.5,0.8333325844597425,0.03915018877643066,0.9987804327996868,1.000002638626214,0.8333333333333334,0.9987804448564415
1.504,0.8333326136462595,0.03915017351368517,0.998780426461366,1.00000263360633,0.8333333333333334,0.9987804448564415
1.508,0.8333326421583171,0.03915015908566056,0.9987804204515098,1.000002628817839,0.8333333333333334,0.9987804448564415
1.512,0.833332670054064,0.0391501456415928,0.9987804148253185,1.000002624293745,0.8333333333333334,0.9987804448564415
1.516,0.8333326973894221,0.03915013333736212,0.9987804096405443,1.000002620068746,0.8333333333333334,0.9987804448564415
1.52,0.8333327242180858,0.0391501223354926,0.9987804049574924,1.000002616179235,0.8333333333333334,0.9987804448564415
1.524,0.833332750591524,0.0391501128051524,0.9987804008390199,1.0000026126633,0.8333333333333334,0.9987804448564415
1.528,0.8333327765589775,0.03915010492215393,0.9987803973505366,1.000002609560724,0.8333333333333334,0.9987804448564415
1.532,0.8333328021674622,0.03915009886895346,0.9987803945600054,1.000002606912985,0.8333333333333334,0.9987804448564415
1.536,0.8333328274617651,0.03915009483465122,0.9987803925379408,1.000002604763254,0.8333333333333334,0.9987804448564415
1.54,0.8333328524844469,0.0391500930149916,0.9987803913574104,1.000002603156399,0.8333333333333334,0.9987804448564415
1.544,0.8333328772758442,0.03915009361236337,0.9987803910940338,1.000002602138981,0.8333333333333334,0.9987804448564415
1.548,0.833332900338261,0.03915008534301005,0.9987803875169673,1.000002599079893,0.8333333333333334,0.9987804448564415
1.552,0.8333329224509359,0.03915007398532763,0.9987803827925781,1.000002595325947,0.8333333333333334,0.9987804448564415
1.556,0.8333329440824546,0.03915006301634469,0.9987803782244383,1.000002591687573,0.8333333333333334,0.9987804448564415
1.56,0.8333329652378467,0.03915005246748764,0.9987803738243144,1.00000258817206,0.8333333333333334,0.9987804448564415
1.564,0.8333329859190934,0.0391500423706669,0.9987803696042157,1.000002584786952,0.8333333333333334,0.9987804448564415
1.568,0.8333330061251241,0.03915003275827633,0.9987803655763938,1.000002581540055,0.8333333333333334,0.9987804448564415
1.572,0.8333330258518195,0.03915002366319349,0.9987803617533439,1.000002578439433,0.8333333333333334,0.9987804448564415
1.576,0.8333330450920093,0.03915001511877961,0.9987803581478034,1.000002575493407,0.8333333333333334,0.9987804448564415
1.58,0.8333330638354743,0.03915000715887974,0.9987803547727527,1.000002572710558,0.8333333333333334,0.9987804448564415
1.584,0.8333330820689443,0.03914999981782239,0.9987803516414147,1.000002570099724,0.8333333333333334,0.9987804448564415
1.588,0.8333330997760999,0.03914999313041992,0.9987803487672553,1.000002567670004,0.8333333333333334,0.9987804448564415
1.592,0.8333331169375716,0.03914998713196835,0.9987803461639831,1.000002565430754,0.8333333333333334,0.9987804448564415
1.596,0.8333331335309396,0.03914998185824736,0.9987803438455498,1.000002563391587,0.8333333333333334,0.9987804448564415
1.6,0.8333331495307343,0.03914997734552027,0.9987803418261493,1.000002561562379,0.8333333333333334,0.9987804448564415
1.604,0.8333331649084359,0.03914997363053407,0.9987803401202185,1.000002559953259,0.8333333333333334,0.9987804448564415
1.608,0.8333331796324753,0.03914997075051958,0.9987803387424372,1.000002558574619,0.8333333333333334,0.9987804448564415
1.612,0.833333193668233,0.0391499687431912,0.9987803377077279,1.000002557437108,0.8333333333333334,0.9987804448564415
1.616,0.833333206978039,0.0391499676467469,0.9987803370312558,1.000002556551632,0.8333333333333334,0.9987804448564415
1.62,0.8333332195211741,0.03914996749986845,0.998780336728429,1.000002555929358,0.8333333333333334,0.9987804448564415
1.624,0.8333332312538695,0.03914996834172148,0.9987803368148984,1.000002555581711,0.8333333333333334,0.9987804448564415
1.628,0.8333332421293052,0.03914997021195495,0.9987803373065575,1.000002555520373,0.8333333333333334,0.9987804448564415
1.632,0.8333332520976116,0.03914997315070168,0.9987803382195426,1.000002555757286,0.8333333333333334,0.9987804448564415
1.636,0.8333332611058697,0.03914997719857816,0.9987803395702328,1.00000255630465,0.8333333333333334,0.9987804448564415
1.64,0.8333332690981105,0.03914998239668463,0.9987803413752502,1.000002557174925,0.8333333333333334,0.9987804448564415
1.644,0.833333276015314,0.03914998878660497,0.9987803436514591,1.000002558380826,0.8333333333333334,0.9987804448564415
1.648,0.8333332817954117,0.03914999641040666,0.9987803464159674,1.000002559935331,0.8333333333333334,0.9987804448564415
1.652,0.833333287439928,0.03915000319898856,0.9987803488677975,1.000002561296239,0.8333333333333334,0.9987804448564415
1.656,0.833333295458306,0.03915000453001424,0.9987803492122147,1.000002561239552,0.8333333333333334,0.9987804448564415
1.66,0.8333333030530836,0.03915000619026313,0.9987803496892902,1.000002561281506,0.8333333333333334,0.9987804448564415
1.664,0.8333333102333392,0.03915000817851863,0.998780350298385,1.000002561421383,0.8333333333333334,0.9987804448564415
1.668,0.8333333170081512,0.03915001049356415,0.9987803510388615,1.000002561658468,0.8333333333333334,0.9987804448564415
1.672,0.833333323386598,0.03915001313418302,0.9987803519100807,1.000002561992045,0.8333333333333334,0.9987804448564415
1.676,0.8333333293777584,0.03915001609915862,0.9987803529114045,1.000002562421397,0.8333333333333334,0.9987804448564415
1.68,0.8333333349907108,0.03915001938727439,0.9987803540421945,1.000002562945809,0.8333333333333334,0.9987804448564415
1.684,0.8333333402345338,0.0391500229973137,0.998780355301812,1.000002563564563,0.8333333333333334,0.9987804448564415
1.688,0.8333333451183056,0.03915002692805979,0.9987803566896188,1.000002564276945,0.8333333333333334,0.9987804448564415
1.692,0.8333333496511053,0.03915003117829625,0.9987803582049767,1.000002565082237,0.8333333333333334,0.9987804448564415
1.696,0.8333333538420109,0.03915003574680639,0.998780359847247,1.000002565979724,0.8333333333333334,0.9987804448564415
1.7,0.8333333577001011,0.03915004063237354,0.9987803616157913,1.000002566968688,0.8333333333333334,0.9987804448564415
1.704,0.8333333612344547,0.03915004583378115,0.9987803635099715,1.000002568048416,0.8333333333333334,0.9987804448564415
1.708,0.833333364454149,0.03915005134981245,0.998780365529149,1.000002569218189,0.8333333333333334,0.9987804448564415
1.712,0.8333333673682645,0.03915005717925109,0.9987803676726854,1.000002570477291,0.8333333333333334,0.9987804448564415
1.716,0.8333333699858786,0.03915006332088022,0.9987803699399422,1.000002571825008,0.8333333333333334,0.9987804448564415
1.72,0.8333333723160691,0.03915006977348329,0.9987803723302813,1.000002573260622,0.8333333333333334,0.9987804448564415
1.724,0.8333333743679157,0.03915007653584372,0.998780374843064,1.000002574783417,0.8333333333333334,0.9987804448564415
1.728,0.8333333761504966,0.03915008360674487,0.9987803774776519,1.000002576392677,0.8333333333333334,0.9987804448564415
1.732,0.8333333776728904,0.03915009098497017,0.998780380233407,1.000002578087685,0.8333333333333334,0.9987804448564415
1.736,0.8333333789441754,0.0391500986693029,0.9987803831096904,1.000002579867727,0.8333333333333334,0.9987804448564415
1.74,0.8333333799734298,0.03915010665852651,0.9987803861058641,1.000002581732085,0.8333333333333334,0.9987804448564415
1.744,0.8333333807697327,0.03915011495142435,0.9987803892212893,1.000002583680043,0.8333333333333334,0.9987804448564415
1.748,0.8333333813421622,0.03915012354677978,0.998780392455328,1.000002585710885,0.8333333333333334,0.9987804448564415
1.752,0.8333333816997973,0.03915013244337637,0.9987803958073417,1.000002587823895,0.8333333333333334,0.9987804448564415
1.756,0.8333333818517162,0.03915014163999725,0.9987803992766917,1.000002590018356,0.8333333333333334,0.9987804448564415
1.76,0.8333333819436031,0.03915014877649903,0.9987804019693914,1.000002591722458,0.8333333333333334,0.9987804448564415
1.764,0.83333338190962,0.03915015514533578,0.998780404374728,1.000002593248679,0.8333333333333334,0.9987804448564415
1.768,0.8333333817180475,0.0391501614497947,0.9987804067588657,1.000002594766866,0.8333333333333334,0.9987804448564415
1.772,0.8333333813787034,0.03915016767589177,0.9987804091163306,1.000002596273211,0.8333333333333334,0.9987804448564415
1.776,0.8333333809014057,0.03915017380964293,0.9987804114416494,1.000002597763907,0.8333333333333334,0.9987804448564415
1.78,0.8333333802959721,0.03915017983706405,0.9987804137293484,1.000002599235146,0.8333333333333334,0.9987804448564415
1.784,0.8333333795722209,0.03915018574417119,0.9987804159739542,1.000002600683121,0.8333333333333334,0.9987804448564415
1.788,0.8333333787399697,0.03915019151698017,0.9987804181699932,1.000002602104025,0.8333333333333334,0.9987804448564415
1.792,0.8333333778090362,0.03915019714150687,0.9987804203119918,1.000002603494051,0.8333333333333334,0.9987804448564415
1.796,0.8333333767892385,0.0391502026037673,0.9987804223944763,1.000002604849392,0.8333333333333334,0.9987804448564415
1.8,0.8333333756903946,0.03915020788977745,0.9987804244119735,1.000002606166241,0.8333333333333334,0.9987804448564415
1.804,0.8333333745223217,0.03915021298555304,0.9987804263590094,1.000002607440789,0.8333333333333334,0.9987804448564415
1.808,0.8333333732948388,0.03915021787711016,0.9987804282301107,1.000002608669231,0.8333333333333334,0.9987804448564415
1.812,0.8333333720177628,0.03915022255046469,0.9987804300198038,1.000002609847759,0.8333333333333334,0.9987804448564415
1.816,0.833333370700912,0.03915022699163255,0.9987804317226153,1.000002610972565,0.8333333333333334,0.9987804448564415
1.82,0.8333333693541046,0.03915023118662968,0.9987804333330714,1.000002612039843,0.8333333333333334,0.9987804448564415
1.824,0.8333333679871581,0.03915023512147204,0.9987804348456988,1.000002613045786,0.8333333333333334,0.9987804448564415
1.828,0.8333333666098903,0.03915023878217551,0.9987804362550236,1.000002613986585,0.8333333333333334,0.9987804448564415
1.832,0.8333333652321189,0.0391502421547559,0.9987804375555723,1.000002614858435,0.8333333333333334,0.9987804448564415
1.836,0.8333333638636626,0.03915024522522943,0.9987804387418717,1.000002615657527,0.8333333333333334,0.9987804448564415
1.84,0.8333333625143385,0.0391502479796117,0.998780439808448,1.000002616380055,0.8333333333333334,0.9987804448564415
1.844,0.8333333611939648,0.03915025040391885,0.9987804407498276,1.000002617022212,0.8333333333333334,0.9987804448564415
1.848,0.8333333599123596,0.03915025248416672,0.9987804415605371,1.00000261758019,0.8333333333333334,0.9987804448564415
1.852,0.83333335867934,0.03915025420637126,0.9987804422351029,1.000002618050182,0.8333333333333334,0.9987804448564415
1.856,0.8333333575047251,0.03915025555654848,0.9987804427680512,1.00000261842838,0.8333333333333334,0.9987804448564415
1.86,0.8333333563983318,0.03915025652071417,0.9987804431539088,1.000002618710979,0.8333333333333334,0.9987804448564415
1.864,0.8333333550164066,0.03915025789882752,0.9987804437014934,1.000002619105569,0.8333333333333334,0.9987804448564415
1.868,0.8333333526055466,0.03915026143388347,0.9987804450837617,1.000002620064669,0.8333333333333334,0.9987804448564415
1.872,0.8333333501319812,0.03915026491018245,0.9987804464450822,1.00000262101264,0.8333333333333334,0.9987804448564415
1.876,0.83333334759975,0.03915026832704198,0.9987804477851171,1.000002621949126,0.8333333333333334,0.9987804448564415
1.88,0.8333333450128927,0.03915027168377948,0.9987804491035293,1.000002622873778,0.8333333333333334,0.9987804448564415
1.884,0.8333333423754495,0.03915027497971262,0.9987804503999814,1.000002623786241,0.8333333333333334,0.9987804448564415
1.888,0.8333333396914595,0.03915027821415869,0.9987804516741358,1.000002624686164,0.8333333333333334,0.9987804448564415
1.892,0.8333333369649633,0.03915028138643534,0.9987804529256554,1.000002625573193,0.8333333333333334,0.9987804448564415
1.896,0.8333333341999998,0.03915028449585992,0.9987804541542028,1.000002626446977,0.8333333333333334,0.9987804448564415
1.9,0.8333333314006094,0.03915028754175005,0.9987804553594405,1.000002627307163,0.8333333333333334,0.9987804448564415
1.904,0.8333333285708314,0.03915029052342311,0.9987804565410312,1.000002628153398,0.8333333333333334,0.9987804448564415
1.908,0.8333333257147061,0.03915029344019668,0.9987804576986375,1.000002628985331,0.8333333333333334,0.9987804448564415
1.912,0.8333333228362726,0.03915029629138816,0.9987804588319221,1.000002629802607,0.8333333333333334,0.9987804448564415
1.916,0.8333333199395715,0.03915029907631514,0.9987804599405479,1.000002630604876,0.8333333333333334,0.9987804448564415
1.92,0.8333333170286417,0.03915030179429504,0.9987804610241769,1.000002631391785,0.8333333333333334,0.9987804448564415
1.924,0.8333333141075235,0.03915030444464535,0.9987804620824724,1.00000263216298,0.8333333333333334,0.9987804448564415
1.928,0.8333333111802563,0.03915030702668355,0.9987804631150965,1.000002632918111,0.8333333333333334,0.9987804448564415
1.932,0.8333333082508806,0.03915030953972727,0.9987804641217122,1.000002633656823,0.8333333333333334,0.9987804448564415
1.936,0.8333333053234354,0.03915031198309382,0.9987804651019819,1.000002634378765,0.8333333333333334,0.9987804448564415
1.94,0.8333333024019609,0.03915031435610084,0.9987804660555685,1.000002635083585,0.8333333333333334,0.9987804448564415
1.944,0.8333332994904965,0.03915031665806568,0.9987804669821344,1.000002635770929,0.8333333333333334,0.9987804448564415
1.948,0.8333332965930824,0.03915031888830595,0.9987804678813423,1.000002636440445,0.8333333333333334,0.9987804448564415
1.952,0.8333332937137582,0.03915032104613907,0.9987804687528549,1.000002637091781,0.8333333333333334,0.9987804448564415
1.956,0.8333332908565633,0.03915032313088256,0.9987804695963347,1.000002637724584,0.8333333333333334,0.9987804448564415
1.96,0.833333288025538,0.03915032514185384,0.9987804704114446,1.000002638338502,0.8333333333333334,0.9987804448564415
1.964,0.8333332852247219,0.03915032707837055,0.9987804711978471,1.000002638933183,0.8333333333333334,0.9987804448564415
1.968,0.8333332824581546,0.03915032893975001,0.9987804719552046,1.000002639508273,0.8333333333333334,0.9987804448564415
1.972,0.833333279729876,0.03915033072530986,0.9987804726831798,1.000002640063421,0.8333333333333334,0.9987804448564415
1.976,0.833333277043926,0.0391503324343675,0.9987804733814357,1.000002640598273,0.8333333333333334,0.9987804448564415
1.98,0.833333274404344,0.03915033406624045,0.9987804740496348,1.000002641112478,0.8333333333333334,0.9987804448564415
1.984,0.8333332718151704,0.03915033562024622,0.9987804746874396,1.000002641605684,0.8333333333333334,0.9987804448564415
1.988,0.8333332692804443,0.03915033709570229,0.9987804752945125,1.000002642077536,0.8333333333333334,0.9987804448564415
1.992,0.8333332668042056,0.03915033849192608,0.9987804758705167,1.000002642527684,0.8333333333333334,0.9987804448564415
1.996,0.8333332643904946,0.03915033980823521,0.9987804764151145,1.000002642955774,0.8333333333333334,0.9987804448564415
2,0.8333332620433506,0.03915034104394706,0.9987804769279686,1.000002643361454,0.8333333333333334,0.9987804448564415
2,0.8333332620433506,0.03915034104394706,0.9987804769279686,1.000002643361454,0.8333333333333334,0.9987804448564415
